"chr","start","end","width","CpGs","areaStat","meanDiff","stat","pval","qval"
"chr7",143293662,143296757,3096,105,85.6018367600284,-1.91506647755485,-32.200290604541,0.166666666666667,0.333333333333333
"chr7",6727308,6732372,5065,135,111.725400920052,-1.86554125290876,-40.5332328486735,0.0833333333333333,0.333333333333333
"chr7",143459734,143462038,2305,188,100.105075514899,1.11330119340118,15.1525608782599,0.166666666666667,0.333333333333333
"chr7",143463565,143465742,2178,79,14.5315295824537,0.550388998788765,4.27969943510988,0.166666666666667,0.333333333333333
"chr7",143456672,143457296,625,5,0.688822010543896,0.305200962831617,1.6863057036314,0.583333333333333,0.761904761904762
"chr7",143300013,143300523,511,9,0.824110244887909,-0.22242886575813,-1.13051542247196,0.666666666666667,0.761904761904762
"chr7",143458296,143458635,340,6,0.357243156271717,0.0897957376864868,1.08544817687609,0.666666666666667,0.761904761904762
"chr7",143291905,143292807,903,9,0.848279012971114,0.180953166522051,0.778746864106549,1,1
