chr	start	end	width	gene	CpGs	areaStat	meanDiff	stat	pval	qval
chr7	143293662	143296757	3096	Usp29	105	85.60183676002845	-1.9150664775548525	-32.20029060454104	0.16666666666666666	0.3333333333333333
chr7	6727308	6732372	5065	Kcnq1ot1	135	111.72540092005245	-1.8655412529087572	-40.533232848673514	0.08333333333333333	0.3333333333333333
chr7	143459734	143462038	2305	Cdkn1c	188	100.10507551489906	1.1133011934011816	15.152560878259894	0.16666666666666666	0.3333333333333333
chr7	143463565	143465742	2178	Cdkn1c	79	14.531529582453675	0.5503889987887652	4.2796994351098805	0.16666666666666666	0.3333333333333333
chr7	143456672	143457296	625	Cdkn1c	5	0.6888220105438962	0.3052009628316167	1.6863057036314013	0.5833333333333334	0.7619047619047619
chr7	143300013	143300523	511	Kcnq1ot1	9	0.824110244887909	-0.2224288657581299	-1.1305154224719627	0.6666666666666666	0.7619047619047619
chr7	143458296	143458635	340	Cdkn1c	6	0.357243156271717	0.08979573768648681	1.0854481768760884	0.6666666666666666	0.7619047619047619
chr7	143291905	143292807	903	Kcnq1ot1	9	0.8482790129711136	0.1809531665220514	0.7787468641065488	1	1
